{
  "project_info": {
    "project_number": "242064520015",
    "firebase_url": "https://notes-26d65-default-rtdb.firebaseio.com",
    "project_id": "notes-26d65",
    "storage_bucket": "notes-26d65.appspot.com"
  },
  "client": [
    {
      "client_info": {
        "mobilesdk_app_id": "1:242064520015:android:f4b5fe6d71ae01b7d50b3a",
        "android_client_info": {
          "package_name": "com.notesapp.app"
        }
      },
      "oauth_client": [
        {
          "client_id": "242064520015-933hcqoggvv8c7uuo8fi5ik4jv7jpta2.apps.googleusercontent.com",
          "client_type": 1,
          "android_info": {
            "package_name": "com.notesapp.app",
            "certificate_hash": "8a56ac3de4f92e8d851824af45bdea52023d2444"
          }
        },
        {
          "client_id": "242064520015-br0vcqq3r85o5ocnaf28nvgj71eeov1b.apps.googleusercontent.com",
          "client_type": 3
        }
      ],
      "api_key": [
        {
          "current_key": "AIzaSyD8NSkB7TzKt7YjBkSuvsGevot6eCoMffA"
        }
      ],
      "services": {
        "appinvite_service": {
          "other_platform_oauth_client": [
            {
              "client_id": "242064520015-br0vcqq3r85o5ocnaf28nvgj71eeov1b.apps.googleusercontent.com",
              "client_type": 3
            }
          ]
        }
      }
    }
  ],
  "configuration_version": "1"
}